bucket,op,nf,motivo
INDENIZACAO,(sem op),259863,extravio
INDENIZACAO,DUILIO,101263,extravio
INDENIZACAO,DUILIO,103936,ressarcimento
INDENIZACAO,DUILIO,106697,extravio
INDENIZACAO,DUILIO,109881,falta_volume_oc19
INDENIZACAO,DUILIO,112378,extravio
INDENIZACAO,DUILIO,112689,extravio
INDENIZACAO,DUILIO,113279,extravio
INDENIZACAO,DUILIO,113521,extravio
INDENIZACAO,DUILIO,135724,extravio
INDENIZACAO,DUILIO,139993,extravio
INDENIZACAO,DUILIO,14310,extravio
INDENIZACAO,DUILIO,1482472,extravio
INDENIZACAO,DUILIO,1494315,avaria
INDENIZACAO,DUILIO,149678,extravio
INDENIZACAO,DUILIO,1542,extravio
INDENIZACAO,DUILIO,15493,extravio
INDENIZACAO,DUILIO,155619,extravio
INDENIZACAO,DUILIO,155726,falta_volume_oc19
INDENIZACAO,DUILIO,155908,extravio
INDENIZACAO,DUILIO,155926,extravio
INDENIZACAO,DUILIO,156022,falta_volume_oc19
INDENIZACAO,DUILIO,2005438,ressarcimento
INDENIZACAO,DUILIO,2013088,extravio
INDENIZACAO,DUILIO,2013324,extravio
INDENIZACAO,DUILIO,2033198,extravio
INDENIZACAO,DUILIO,2047101,extravio
INDENIZACAO,DUILIO,2050205,extravio
INDENIZACAO,DUILIO,220391,extravio
INDENIZACAO,DUILIO,221146,extravio
INDENIZACAO,DUILIO,2221998,extravio
INDENIZACAO,DUILIO,2235031,extravio
INDENIZACAO,DUILIO,2239234,extravio
INDENIZACAO,DUILIO,2249199,extravio
INDENIZACAO,DUILIO,2250955,extravio_localizado
INDENIZACAO,DUILIO,2252014,extravio
INDENIZACAO,DUILIO,2253363,extravio
INDENIZACAO,DUILIO,226024,extravio
INDENIZACAO,DUILIO,2262615,avaria
INDENIZACAO,DUILIO,2267939,extravio
INDENIZACAO,DUILIO,226915,extravio
INDENIZACAO,DUILIO,2269995,extravio
INDENIZACAO,DUILIO,2271974,extravio
INDENIZACAO,DUILIO,2277031,falta_volume_oc19
INDENIZACAO,DUILIO,2281942,falta_volume_oc19
INDENIZACAO,DUILIO,2284214,extravio
INDENIZACAO,DUILIO,2288798,falta_volume_oc19
INDENIZACAO,DUILIO,2295145,extravio
INDENIZACAO,DUILIO,2305444,extravio
INDENIZACAO,DUILIO,2308381,extravio
INDENIZACAO,DUILIO,2308644,extravio
INDENIZACAO,DUILIO,2310359,extravio
INDENIZACAO,DUILIO,2310406,extravio
INDENIZACAO,DUILIO,2315030,extravio
INDENIZACAO,DUILIO,2319459,avaria
INDENIZACAO,DUILIO,257706,falta_volume_oc19
INDENIZACAO,DUILIO,265668,extravio
INDENIZACAO,DUILIO,284924,ressarcimento
INDENIZACAO,DUILIO,285910,extravio
INDENIZACAO,DUILIO,285918,extravio
INDENIZACAO,DUILIO,291499,extravio
INDENIZACAO,DUILIO,292328,extravio
INDENIZACAO,DUILIO,293153,extravio
INDENIZACAO,DUILIO,293361,extravio
INDENIZACAO,DUILIO,3005545,extravio
INDENIZACAO,DUILIO,3013531,extravio
INDENIZACAO,DUILIO,3017232,extravio
INDENIZACAO,DUILIO,3017236,extravio
INDENIZACAO,DUILIO,3029724,extravio
INDENIZACAO,DUILIO,3033949,extravio
INDENIZACAO,DUILIO,304253,falta_volume_oc19
INDENIZACAO,DUILIO,304298,falta_volume_oc19
INDENIZACAO,DUILIO,304880,extravio
INDENIZACAO,DUILIO,3057294,extravio
INDENIZACAO,DUILIO,3060947,extravio
INDENIZACAO,DUILIO,3067878,extravio
INDENIZACAO,DUILIO,330878,extravio
INDENIZACAO,DUILIO,331696,extravio
INDENIZACAO,DUILIO,332212,extravio
INDENIZACAO,DUILIO,397370,extravio
INDENIZACAO,DUILIO,40370,extravio
INDENIZACAO,DUILIO,40859,extravio
INDENIZACAO,DUILIO,40866,extravio
INDENIZACAO,DUILIO,42854,extravio
INDENIZACAO,DUILIO,43196,extravio
INDENIZACAO,DUILIO,43330,extravio
INDENIZACAO,DUILIO,43608,extravio
INDENIZACAO,DUILIO,43698,extravio
INDENIZACAO,DUILIO,45888,extravio
INDENIZACAO,DUILIO,46796,extravio
INDENIZACAO,DUILIO,49312,extravio
INDENIZACAO,DUILIO,49822,extravio
INDENIZACAO,DUILIO,534215,falta_volume_oc19
INDENIZACAO,DUILIO,545479,extravio
INDENIZACAO,DUILIO,545885,extravio
INDENIZACAO,DUILIO,550103,extravio
INDENIZACAO,DUILIO,574302,extravio
INDENIZACAO,DUILIO,594801,ressarcimento
INDENIZACAO,DUILIO,601391,ressarcimento
INDENIZACAO,DUILIO,603936,falta_volume_oc19
INDENIZACAO,DUILIO,606478,extravio
INDENIZACAO,DUILIO,607474,extravio
INDENIZACAO,DUILIO,608272,extravio
INDENIZACAO,DUILIO,608917,extravio
INDENIZACAO,DUILIO,612470,extravio
INDENIZACAO,DUILIO,616941,extravio
INDENIZACAO,DUILIO,617089,extravio
INDENIZACAO,DUILIO,623361,extravio
INDENIZACAO,DUILIO,650361,extravio
INDENIZACAO,DUILIO,650915,extravio
INDENIZACAO,DUILIO,651873,extravio
INDENIZACAO,DUILIO,652729,falta_volume_oc19
INDENIZACAO,DUILIO,698328,extravio
INDENIZACAO,DUILIO,706448,extravio
INDENIZACAO,DUILIO,717238,extravio
INDENIZACAO,DUILIO,750340,falta_volume_oc19
INDENIZACAO,DUILIO,762333,extravio
INDENIZACAO,DUILIO,764788,extravio
INDENIZACAO,DUILIO,767065,extravio
INDENIZACAO,DUILIO,771820,avaria
INDENIZACAO,DUILIO,781858,extravio
INDENIZACAO,DUILIO,787271,ressarcimento
INDENIZACAO,DUILIO,802221,extravio
INDENIZACAO,DUILIO,804215,extravio
INDENIZACAO,DUILIO,804631,extravio
INDENIZACAO,DUILIO,812604,extravio
INDENIZACAO,DUILIO,816494,extravio
INDENIZACAO,DUILIO,820852,falta_volume_oc19
INDENIZACAO,DUILIO,825808,extravio
INDENIZACAO,DUILIO,829744,extravio
INDENIZACAO,DUILIO,833767,extravio
INDENIZACAO,DUILIO,835865,extravio
INDENIZACAO,DUILIO,841356,extravio
INDENIZACAO,DUILIO,844682,falta_volume_oc19
INDENIZACAO,DUILIO,847618,extravio
INDENIZACAO,DUILIO,848858,extravio
INDENIZACAO,DUILIO,851371,extravio
INDENIZACAO,DUILIO,851392,extravio
INDENIZACAO,DUILIO,853002,extravio
INDENIZACAO,DUILIO,853058,extravio
INDENIZACAO,DUILIO,853094,extravio
INDENIZACAO,DUILIO,853164,extravio
INDENIZACAO,DUILIO,853231,extravio
INDENIZACAO,DUILIO,855021,extravio
INDENIZACAO,DUILIO,860296,extravio
INDENIZACAO,DUILIO,861078,extravio
INDENIZACAO,DUILIO,866252,extravio
INDENIZACAO,DUILIO,868469,extravio
INDENIZACAO,DUILIO,868471,extravio
INDENIZACAO,DUILIO,868486,extravio
INDENIZACAO,DUILIO,868963,extravio
INDENIZACAO,DUILIO,874918,falta_volume_oc19
INDENIZACAO,DUILIO,875776,extravio
INDENIZACAO,DUILIO,877226,extravio
INDENIZACAO,DUILIO,877679,extravio
INDENIZACAO,DUILIO,878925,extravio
INDENIZACAO,DUILIO,878953,extravio
INDENIZACAO,DUILIO,879104,extravio
INDENIZACAO,DUILIO,879297,extravio
INDENIZACAO,DUILIO,926945,extravio
INDENIZACAO,DUILIO,931170,extravio
INDENIZACAO,DUILIO,939904,extravio
INDENIZACAO,DUILIO,943835,extravio
INDENIZACAO,ISA E KAROL,10083,extravio
INDENIZACAO,ISA E KAROL,10200,extravio
INDENIZACAO,ISA E KAROL,10237,extravio
INDENIZACAO,ISA E KAROL,10277,extravio
INDENIZACAO,ISA E KAROL,10334,extravio
INDENIZACAO,ISA E KAROL,10389,extravio
INDENIZACAO,ISA E KAROL,10418,extravio
INDENIZACAO,ISA E KAROL,114571,extravio
INDENIZACAO,ISA E KAROL,116554,extravio
INDENIZACAO,ISA E KAROL,12635,ressarcimento
INDENIZACAO,ISA E KAROL,1364,ressarcimento
INDENIZACAO,ISA E KAROL,174952,extravio
INDENIZACAO,ISA E KAROL,175621,extravio
INDENIZACAO,ISA E KAROL,1797,extravio
INDENIZACAO,ISA E KAROL,189137,extravio
INDENIZACAO,ISA E KAROL,196140,extravio
INDENIZACAO,ISA E KAROL,19669,extravio
INDENIZACAO,ISA E KAROL,201064,extravio
INDENIZACAO,ISA E KAROL,204530,extravio
INDENIZACAO,ISA E KAROL,24674,avaria
INDENIZACAO,ISA E KAROL,284078,extravio
INDENIZACAO,ISA E KAROL,32020,extravio
INDENIZACAO,ISA E KAROL,32887,extravio
INDENIZACAO,ISA E KAROL,39650,extravio
INDENIZACAO,ISA E KAROL,422230,extravio
INDENIZACAO,ISA E KAROL,43891,avaria
INDENIZACAO,ISA E KAROL,43996,ressarcimento
INDENIZACAO,ISA E KAROL,44331,extravio
INDENIZACAO,ISA E KAROL,453640,extravio
INDENIZACAO,ISA E KAROL,4569,extravio
INDENIZACAO,ISA E KAROL,47,extravio
INDENIZACAO,ISA E KAROL,478489,extravio
INDENIZACAO,ISA E KAROL,5393,extravio
INDENIZACAO,ISA E KAROL,5558833,extravio
INDENIZACAO,ISA E KAROL,5570657,extravio
INDENIZACAO,ISA E KAROL,55905,extravio
INDENIZACAO,ISA E KAROL,5606002,extravio
INDENIZACAO,ISA E KAROL,5620033,extravio
INDENIZACAO,ISA E KAROL,5620411,extravio
INDENIZACAO,ISA E KAROL,5631361,extravio
INDENIZACAO,ISA E KAROL,5634829,extravio
INDENIZACAO,ISA E KAROL,58962,extravio
INDENIZACAO,ISA E KAROL,600938,extravio
INDENIZACAO,ISA E KAROL,61,extravio
INDENIZACAO,ISA E KAROL,646431,extravio
INDENIZACAO,ISA E KAROL,653455,extravio
INDENIZACAO,ISA E KAROL,65515,extravio
INDENIZACAO,ISA E KAROL,655184,extravio
INDENIZACAO,ISA E KAROL,655922,extravio
INDENIZACAO,ISA E KAROL,656363,falta_volume_oc19
INDENIZACAO,ISA E KAROL,66765,extravio
INDENIZACAO,ISA E KAROL,6985,extravio
INDENIZACAO,ISA E KAROL,7219,ressarcimento
INDENIZACAO,ISA E KAROL,7358,extravio
INDENIZACAO,ISA E KAROL,73699,extravio
INDENIZACAO,ISA E KAROL,73771,extravio
INDENIZACAO,ISA E KAROL,7427,extravio
INDENIZACAO,ISA E KAROL,74519,extravio
INDENIZACAO,ISA E KAROL,7453,extravio
INDENIZACAO,ISA E KAROL,9539,extravio
INDENIZACAO,LARISSA,1061324,extravio
INDENIZACAO,LARISSA,1071220,extravio
INDENIZACAO,LARISSA,1073720,ressarcimento
INDENIZACAO,LARISSA,1075381,ressarcimento
INDENIZACAO,LARISSA,1078295,extravio
INDENIZACAO,LARISSA,1084665,ressarcimento
INDENIZACAO,LARISSA,1084733,extravio
INDENIZACAO,LARISSA,1085828,extravio
INDENIZACAO,LARISSA,1085839,extravio
INDENIZACAO,LARISSA,21038,extravio
INDENIZACAO,LARISSA,24112,extravio
INDENIZACAO,LARISSA,292727,extravio
INDENIZACAO,LARISSA,2997,extravio
INDENIZACAO,LARISSA,3107,extravio
INDENIZACAO,LARISSA,340348,avaria
INDENIZACAO,LARISSA,345282,extravio
INDENIZACAO,LARISSA,345523,extravio
INDENIZACAO,LARISSA,346778,extravio
INDENIZACAO,LARISSA,374609,extravio
INDENIZACAO,LARISSA,426317,extravio
INDENIZACAO,LARISSA,4933,extravio
INDENIZACAO,LARISSA,51483,extravio
INDENIZACAO,LARISSA,51613,extravio
INDENIZACAO,LARISSA,51650,extravio
INDENIZACAO,LARISSA,59938,extravio
INDENIZACAO,LARISSA,607883,ressarcimento
INDENIZACAO,LARISSA,63367,extravio
INDENIZACAO,LARISSA,64633,extravio
INDENIZACAO,LARISSA,66820,extravio
INDENIZACAO,LARISSA,67342,extravio
INDENIZACAO,LARISSA,748969,extravio
INDENIZACAO,LARISSA,749975,extravio
INDENIZACAO,LARISSA,760738,extravio
INDENIZACAO,LARISSA,768809,ressarcimento
INDENIZACAO,LARISSA,771122,extravio
INDENIZACAO,LARISSA,771240,extravio
INDENIZACAO,LARISSA,771699,extravio
INDENIZACAO,LARISSA,774424,ressarcimento
INDENIZACAO,LARISSA,775461,ressarcimento
INDENIZACAO,LARISSA,919069,extravio
INDENIZACAO,LARISSA,919543,extravio
INDENIZACAO,LARISSA,923563,extravio
INDENIZACAO,LARISSA,923653,extravio
INDENIZACAO,LARISSA,924586,extravio_localizado
INDENIZACAO,LARISSA,925776,extravio
INDENIZACAO,LARISSA,999861,extravio
INDENIZACAO,VICTOR,103721,extravio
INDENIZACAO,VICTOR,109179,extravio
INDENIZACAO,VICTOR,110713,extravio
INDENIZACAO,VICTOR,111830,extravio
INDENIZACAO,VICTOR,113916,falta_volume_oc19
INDENIZACAO,VICTOR,114496,extravio
INDENIZACAO,VICTOR,115581,extravio
INDENIZACAO,VICTOR,115697,extravio
INDENIZACAO,VICTOR,116157,extravio
INDENIZACAO,VICTOR,116682,extravio
INDENIZACAO,VICTOR,116888,extravio
INDENIZACAO,VICTOR,1172,avaria
INDENIZACAO,VICTOR,118327,avaria
INDENIZACAO,VICTOR,1552,falta_volume_oc19
INDENIZACAO,VICTOR,1559,extravio
INDENIZACAO,VICTOR,1783624,extravio_localizado
INDENIZACAO,VICTOR,1810816,extravio
INDENIZACAO,VICTOR,259827,extravio
INDENIZACAO,VICTOR,28714,extravio
INDENIZACAO,VICTOR,291215,extravio
INDENIZACAO,VICTOR,293269,extravio
INDENIZACAO,VICTOR,293365,extravio
INDENIZACAO,VICTOR,295826,extravio
INDENIZACAO,VICTOR,297946,extravio
INDENIZACAO,VICTOR,298314,falta_volume_oc19
INDENIZACAO,VICTOR,30033,extravio
INDENIZACAO,VICTOR,391929,extravio
INDENIZACAO,VICTOR,409687,extravio
INDENIZACAO,VICTOR,411462,extravio
INDENIZACAO,VICTOR,415264,extravio
INDENIZACAO,VICTOR,416227,extravio
INDENIZACAO,VICTOR,420306,extravio
INDENIZACAO,VICTOR,60990,extravio
INDENIZACAO,VICTOR,61468,extravio
INDENIZACAO,VICTOR,62228,extravio
INDENIZACAO,VICTOR,62232,extravio
INDENIZACAO,VICTOR,65172,extravio
INDENIZACAO,VICTOR,676348,extravio
INDENIZACAO,VICTOR,679041,extravio
INDENIZACAO,VICTOR,681805,extravio
INDENIZACAO,VICTOR,682298,extravio
INDENIZACAO,VICTOR,74319,ressarcimento
INDENIZACAO,VICTOR,75086,extravio
INDENIZACAO,VICTOR,75794,extravio
INDENIZACAO,VICTOR,75860,extravio
INDENIZACAO,VICTOR,75889,extravio
INDENIZACAO,VICTOR,75935,extravio
INDENIZACAO,VICTOR,80187,extravio
INDENIZACAO,VICTOR,834416,extravio
INDENIZACAO,VICTOR,91197,extravio
INDENIZACAO,VICTOR,93301,extravio
INDENIZACAO,VICTOR,965,falta_volume_oc19
INDENIZACAO,VICTOR,980,extravio
INSUCESSO,DUILIO,111573,recusa_parcial_35
INSUCESSO,DUILIO,1117376,limitacao_cliente_13
INSUCESSO,DUILIO,111942,recusa_total_10
INSUCESSO,DUILIO,113182,recusa_total_10
INSUCESSO,DUILIO,113474,limitacao_cliente_13
INSUCESSO,DUILIO,114022,endereco_11
INSUCESSO,DUILIO,114179,endereco_11
INSUCESSO,DUILIO,114354,limitacao_cliente_13
INSUCESSO,DUILIO,1238296,recusa_total_10
INSUCESSO,DUILIO,1253573,recusa_total_10
INSUCESSO,DUILIO,143567,limitacao_cliente_13
INSUCESSO,DUILIO,143781,recusa_total_10
INSUCESSO,DUILIO,144187,limitacao_cliente_13
INSUCESSO,DUILIO,144309,recusa_parcial_35
INSUCESSO,DUILIO,144648,limitacao_cliente_13
INSUCESSO,DUILIO,145050,recusa_total_10
INSUCESSO,DUILIO,1505347,recusa_total_10
INSUCESSO,DUILIO,1505553,limitacao_cliente_13
INSUCESSO,DUILIO,1505594,limitacao_cliente_13
INSUCESSO,DUILIO,155582,recusa_parcial_35
INSUCESSO,DUILIO,15595,recusa_total_10
INSUCESSO,DUILIO,15656,recusa_total_10
INSUCESSO,DUILIO,18989,recusa_total_10
INSUCESSO,DUILIO,1986073,recusa_total_10
INSUCESSO,DUILIO,1988828,recusa_parcial_35
INSUCESSO,DUILIO,2029919,recusa_total_10
INSUCESSO,DUILIO,2030063,recusa_total_10
INSUCESSO,DUILIO,2046931,recusa_total_10
INSUCESSO,DUILIO,2046991,endereco_11
INSUCESSO,DUILIO,204798,recusa_total_10
INSUCESSO,DUILIO,219508,recusa_total_10
INSUCESSO,DUILIO,221493,recusa_total_10
INSUCESSO,DUILIO,2239292,recusa_parcial_35
INSUCESSO,DUILIO,2249441,recusa_parcial_35
INSUCESSO,DUILIO,2268193,recusa_total_10
INSUCESSO,DUILIO,227775,endereco_11
INSUCESSO,DUILIO,2288783,recusa_parcial_35
INSUCESSO,DUILIO,2302468,recusa_parcial_35
INSUCESSO,DUILIO,2305441,recusa_parcial_35
INSUCESSO,DUILIO,2307250,recusa_total_10
INSUCESSO,DUILIO,2315738,recusa_parcial_35
INSUCESSO,DUILIO,2319573,recusa_total_10
INSUCESSO,DUILIO,2323913,recusa_parcial_35
INSUCESSO,DUILIO,2326017,recusa_total_10
INSUCESSO,DUILIO,286294,recusa_parcial_35
INSUCESSO,DUILIO,288093,recusa_total_10
INSUCESSO,DUILIO,290814,recusa_total_10
INSUCESSO,DUILIO,3060846,recusa_total_10
INSUCESSO,DUILIO,3078820,recusa_total_10
INSUCESSO,DUILIO,362352,endereco_11
INSUCESSO,DUILIO,363829,janela_39
INSUCESSO,DUILIO,42398,recusa_parcial_35
INSUCESSO,DUILIO,480165,endereco_11
INSUCESSO,DUILIO,480548,endereco_11
INSUCESSO,DUILIO,5079,recusa_total_10
INSUCESSO,DUILIO,547679,endereco_11
INSUCESSO,DUILIO,620285,endereco_11
INSUCESSO,DUILIO,7421,recusa_total_10
INSUCESSO,DUILIO,796903,recusa_total_10
INSUCESSO,DUILIO,807037,recusa_total_10
INSUCESSO,DUILIO,879758,recusa_total_10
INSUCESSO,DURAFA,1153,recusa_total_10
INSUCESSO,ISA E KAROL,10138,recusa_total_10
INSUCESSO,ISA E KAROL,1023206,recusa_total_10
INSUCESSO,ISA E KAROL,10397,recusa_total_10
INSUCESSO,ISA E KAROL,10415,recusa_total_10
INSUCESSO,ISA E KAROL,114,recusa_parcial_35
INSUCESSO,ISA E KAROL,121590,endereco_11
INSUCESSO,ISA E KAROL,1311,recusa_total_10
INSUCESSO,ISA E KAROL,1566331,endereco_11
INSUCESSO,ISA E KAROL,200292,recusa_total_10
INSUCESSO,ISA E KAROL,24578,limitacao_cliente_13
INSUCESSO,ISA E KAROL,250326,endereco_11
INSUCESSO,ISA E KAROL,2511,endereco_11
INSUCESSO,ISA E KAROL,2541,recusa_total_10
INSUCESSO,ISA E KAROL,2718,recusa_total_10
INSUCESSO,ISA E KAROL,2748,recusa_total_10
INSUCESSO,ISA E KAROL,28459,recusa_total_10
INSUCESSO,ISA E KAROL,2870,recusa_total_10
INSUCESSO,ISA E KAROL,2941,recusa_total_10
INSUCESSO,ISA E KAROL,30016,recusa_total_10
INSUCESSO,ISA E KAROL,32062,endereco_11
INSUCESSO,ISA E KAROL,33925,recusa_parcial_35
INSUCESSO,ISA E KAROL,3695,endereco_11
INSUCESSO,ISA E KAROL,375424,recusa_total_10
INSUCESSO,ISA E KAROL,41228,recusa_parcial_35
INSUCESSO,ISA E KAROL,43143,recusa_total_10
INSUCESSO,ISA E KAROL,43983,recusa_parcial_35
INSUCESSO,ISA E KAROL,48972,recusa_total_10
INSUCESSO,ISA E KAROL,57,recusa_total_10
INSUCESSO,ISA E KAROL,596376,recusa_total_10
INSUCESSO,ISA E KAROL,599253,recusa_total_10
INSUCESSO,ISA E KAROL,60,recusa_parcial_35
INSUCESSO,ISA E KAROL,65084,recusa_total_10
INSUCESSO,ISA E KAROL,73613,recusa_total_10
INSUCESSO,ISA E KAROL,8706,recusa_total_10
INSUCESSO,ISA E KAROL,8728,recusa_total_10
INSUCESSO,ISA E KAROL,8952,recusa_total_10
INSUCESSO,ISA E KAROL,924,recusa_total_10
INSUCESSO,LARISSA,1010287,recusa_total_10
INSUCESSO,LARISSA,1013334,recusa_total_10
INSUCESSO,LARISSA,1015689,recusa_total_10
INSUCESSO,LARISSA,1016353,recusa_total_10
INSUCESSO,LARISSA,106596,recusa_total_10
INSUCESSO,LARISSA,1073930,recusa_parcial_35
INSUCESSO,LARISSA,1082834,recusa_total_10
INSUCESSO,LARISSA,1084299,limitacao_cliente_13
INSUCESSO,LARISSA,1085004,limitacao_cliente_13
INSUCESSO,LARISSA,1086787,recusa_parcial_35
INSUCESSO,LARISSA,1086862,recusa_parcial_35
INSUCESSO,LARISSA,21414,recusa_parcial_35
INSUCESSO,LARISSA,2162928,recusa_total_10
INSUCESSO,LARISSA,24096,recusa_parcial_35
INSUCESSO,LARISSA,338648,endereco_11
INSUCESSO,LARISSA,351193,recusa_parcial_35
INSUCESSO,LARISSA,353371,recusa_parcial_35
INSUCESSO,LARISSA,357224,recusa_parcial_35
INSUCESSO,LARISSA,357645,recusa_parcial_35
INSUCESSO,LARISSA,358613,recusa_parcial_35
INSUCESSO,LARISSA,359314,recusa_total_10
INSUCESSO,LARISSA,360711,endereco_11
INSUCESSO,LARISSA,361369,endereco_11
INSUCESSO,LARISSA,424008,recusa_parcial_35
INSUCESSO,LARISSA,52013,endereco_11
INSUCESSO,LARISSA,52446,endereco_11
INSUCESSO,LARISSA,66582,recusa_total_10
INSUCESSO,LARISSA,67763,recusa_total_10
INSUCESSO,LARISSA,68001,recusa_total_10
INSUCESSO,LARISSA,771736,recusa_total_10
INSUCESSO,LARISSA,773323,recusa_total_10
INSUCESSO,LARISSA,773688,limitacao_cliente_13
INSUCESSO,LARISSA,774371,recusa_total_10
INSUCESSO,LARISSA,775231,recusa_total_10
INSUCESSO,LARISSA,775410,recusa_total_10
INSUCESSO,VICTOR,109531,recusa_total_10
INSUCESSO,VICTOR,1152,recusa_parcial_35
INSUCESSO,VICTOR,115572,limitacao_cliente_13
INSUCESSO,VICTOR,115665,limitacao_cliente_13
INSUCESSO,VICTOR,1177,recusa_parcial_35
INSUCESSO,VICTOR,118324,limitacao_cliente_13
INSUCESSO,VICTOR,118336,limitacao_cliente_13
INSUCESSO,VICTOR,16162,recusa_total_10
INSUCESSO,VICTOR,16480,recusa_total_10
INSUCESSO,VICTOR,1809246,recusa_parcial_35
INSUCESSO,VICTOR,1812327,recusa_parcial_35
INSUCESSO,VICTOR,1812887,limitacao_cliente_13
INSUCESSO,VICTOR,1814028,recusa_total_10
INSUCESSO,VICTOR,2212,recusa_total_10
INSUCESSO,VICTOR,290063,recusa_total_10
INSUCESSO,VICTOR,293801,recusa_total_10
INSUCESSO,VICTOR,297613,recusa_total_10
INSUCESSO,VICTOR,409846,recusa_total_10
INSUCESSO,VICTOR,411109,recusa_total_10
INSUCESSO,VICTOR,411582,recusa_total_10
INSUCESSO,VICTOR,412392,recusa_total_10
INSUCESSO,VICTOR,678130,recusa_total_10
INSUCESSO,VICTOR,680059,endereco_11
INSUCESSO,VICTOR,680848,recusa_total_10
INSUCESSO,VICTOR,681344,recusa_total_10
INSUCESSO,VICTOR,681442,endereco_11
INSUCESSO,VICTOR,681701,recusa_total_10
INSUCESSO,VICTOR,681835,recusa_total_10
INSUCESSO,VICTOR,681941,limitacao_cliente_13
INSUCESSO,VICTOR,681963,endereco_11
INSUCESSO,VICTOR,682459,endereco_11
INSUCESSO,VICTOR,682607,recusa_total_10
INSUCESSO,VICTOR,682812,endereco_11
INSUCESSO,VICTOR,73133,recusa_parcial_35
INSUCESSO,VICTOR,73714,recusa_parcial_35
INSUCESSO,VICTOR,74506,recusa_parcial_35
INSUCESSO,VICTOR,75150,recusa_parcial_35
INSUCESSO,VICTOR,75854,recusa_parcial_35
INSUCESSO,VICTOR,75884,recusa_parcial_35
INSUCESSO,VICTOR,75898,recusa_parcial_35
INSUCESSO,VICTOR,75914,recusa_parcial_35
INSUCESSO,VICTOR,75936,recusa_parcial_35
INSUCESSO,VICTOR,828366,recusa_total_10
INSUCESSO,VICTOR,878,recusa_parcial_35
INSUCESSO,VICTOR,973,recusa_total_10
OUTRO,DUILIO,10,outro
OUTRO,DUILIO,2286466,outro
OUTRO,DUILIO,2296043,outro
OUTRO,DUILIO,2296469,outro
OUTRO,DUILIO,24798006,outro
OUTRO,DUILIO,3687,outro
OUTRO,DUILIO,39282,outro
OUTRO,DUILIO,529669,outro
OUTRO,DUILIO,718719,outro
OUTRO,DUILIO,7447,outro
OUTRO,DUILIO,9264,outro
OUTRO,ISA E KAROL,10512,outro
OUTRO,ISA E KAROL,389829,outro
OUTRO,LARISSA,175332,outro
OUTRO,LARISSA,66969,outro
OUTRO,VICTOR,1174,outro
OUTRO,VICTOR,1806679,outro
OUTRO,VICTOR,386283,outro
OUTRO,VICTOR,419455,outro
OUTRO,VICTOR,679816,outro
OUTRO,VICTOR,838180,outro
OUTRO,VICTOR,87865,outro
OUTRO,VICTOR,88199,outro
